{
    "styles": {
        "Regular-No-IF_OWN_ICON_EXISTS": {
            "nodes": {
                "_fun_fleet_composition": [
                    0.0,
                    0.0
                ],
                "_res_capital_cost": [
                    158.35036214674545,
                    41.85659510535514
                ],
                "_res_num_operators": [
                    149.52284749830795,
                    86.67944260366308
                ],
                "_fun_fleet_composition/_extrar-fleet_composition": [
                    187.59369660146584,
                    2.9662523929527964
                ],
                "_res_capital_cost/_extraf-capital_cost": [
                    46.243334454720376,
                    44.82284749830794
                ],
                "_res_num_operators/_extraf-num_operators": [
                    46.243334454720376,
                    89.64569499661587
                ]
            },
            "edges": {
                "_fun_fleet_composition/_extrar-fleet_composition-edge-0": [
                    [
                        103.77602641028679,
                        10.516147107308264
                    ],
                    [
                        113.77602641028679,
                        10.516147107308264
                    ],
                    [
                        145.6848615058763,
                        10.516147107308264
                    ],
                    [
                        145.6848615058763,
                        10.393974560921546
                    ],
                    [
                        177.59369660146584,
                        10.393974560921546
                    ],
                    [
                        187.59369660146584,
                        10.393974560921546
                    ]
                ],
                "_res_capital_cost/_extraf-capital_cost-edge-0": [
                    [
                        64.66751353186882,
                        52.25056966627669
                    ],
                    [
                        74.66751353186882,
                        52.25056966627669
                    ],
                    [
                        112.88964971388413,
                        52.25056966627669
                    ],
                    [
                        112.88964971388413,
                        52.3727422126634
                    ],
                    [
                        151.11178589589943,
                        52.3727422126634
                    ],
                    [
                        161.11178589589943,
                        52.3727422126634
                    ]
                ],
                "_res_num_operators/_extraf-num_operators-edge-0": [
                    [
                        64.66751353186882,
                        97.07341716458463
                    ],
                    [
                        74.66751353186882,
                        97.07341716458463
                    ],
                    [
                        108.47589238966538,
                        97.07341716458463
                    ],
                    [
                        108.47589238966538,
                        97.19558971097133
                    ],
                    [
                        142.28427124746193,
                        97.19558971097133
                    ],
                    [
                        152.28427124746193,
                        97.19558971097133
                    ]
                ]
            }
        }
    }
}