{
    "styles": {
        "Regular-No-IF_OWN_ICON_EXISTS": {
            "nodes": {
                "_fun_total_satisfied_od_pairs": [
                    0.0,
                    0.0
                ],
                "_res_average_num_hops": [
                    190.21042379225327,
                    41.856595105355126
                ],
                "_res_average_num_transfers": [
                    179.40569051588608,
                    86.67944260366306
                ],
                "_res_average_travel_time": [
                    188.0846761115892,
                    131.50229010197097
                ],
                "_res_discomfort": [
                    211.41753133619858,
                    176.32513760027894
                ],
                "_res_emissions": [
                    213.33617147291733,
                    221.14798509858684
                ],
                "_res_fleet_composition": [
                    192.33617147291733,
                    265.9708325968948
                ],
                "_fun_total_satisfied_od_pairs/_extrar-total_satisfied_od_pairs": [
                    238.57950592763768,
                    2.9662523929528106
                ],
                "_res_average_num_hops/_extraf-average_num_hops": [
                    61.18475596350943,
                    44.82284749830791
                ],
                "_res_average_num_transfers/_extraf-average_num_transfers": [
                    61.18475596350943,
                    89.64569499661584
                ],
                "_res_average_travel_time/_extraf-average_travel_time": [
                    61.18475596350943,
                    134.4685424949238
                ],
                "_res_discomfort/_extraf-discomfort": [
                    61.18475596350943,
                    179.29138999323172
                ],
                "_res_emissions/_extraf-emissions": [
                    61.18475596350943,
                    224.11423749153968
                ],
                "_res_fleet_composition/_extraf-fleet_composition": [
                    61.18475596350943,
                    268.9370849898476
                ]
            },
            "edges": {
                "_fun_total_satisfied_od_pairs/_extrar-total_satisfied_od_pairs-edge-0": [
                    [
                        136.6344095889977,
                        10.516147107308264
                    ],
                    [
                        146.6344095889977,
                        10.516147107308264
                    ],
                    [
                        187.6069577583177,
                        10.516147107308264
                    ],
                    [
                        187.6069577583177,
                        10.39397456092156
                    ],
                    [
                        228.57950592763768,
                        10.39397456092156
                    ],
                    [
                        238.57950592763768,
                        10.39397456092156
                    ]
                ],
                "_res_average_num_hops/_extraf-average_num_hops-edge-0": [
                    [
                        79.60893504065787,
                        52.25056966627666
                    ],
                    [
                        89.60893504065787,
                        52.25056966627666
                    ],
                    [
                        136.29039129103256,
                        52.25056966627666
                    ],
                    [
                        136.29039129103256,
                        52.37274221266338
                    ],
                    [
                        182.97184754140724,
                        52.37274221266338
                    ],
                    [
                        192.97184754140724,
                        52.37274221266338
                    ]
                ],
                "_res_average_num_transfers/_extraf-average_num_transfers-edge-0": [
                    [
                        79.60893504065787,
                        97.0734171645846
                    ],
                    [
                        89.60893504065787,
                        97.0734171645846
                    ],
                    [
                        130.88802465284894,
                        97.0734171645846
                    ],
                    [
                        130.88802465284894,
                        97.19558971097132
                    ],
                    [
                        172.16711426504003,
                        97.19558971097132
                    ],
                    [
                        182.16711426504003,
                        97.19558971097132
                    ]
                ],
                "_res_average_travel_time/_extraf-average_travel_time-edge-0": [
                    [
                        79.60893504065787,
                        141.89626466289255
                    ],
                    [
                        89.60893504065787,
                        141.89626466289255
                    ],
                    [
                        135.22751745070053,
                        141.89626466289255
                    ],
                    [
                        135.22751745070053,
                        142.01843720927926
                    ],
                    [
                        180.84609986074318,
                        142.01843720927926
                    ],
                    [
                        190.84609986074318,
                        142.01843720927926
                    ]
                ],
                "_res_discomfort/_extraf-discomfort-edge-0": [
                    [
                        79.60893504065787,
                        186.71911216120046
                    ],
                    [
                        89.60893504065787,
                        186.71911216120046
                    ],
                    [
                        146.89394506300522,
                        186.71911216120046
                    ],
                    [
                        146.89394506300522,
                        186.84128470758722
                    ],
                    [
                        204.17895508535256,
                        186.84128470758722
                    ],
                    [
                        214.17895508535256,
                        186.84128470758722
                    ]
                ],
                "_res_emissions/_extraf-emissions-edge-0": [
                    [
                        79.60893504065787,
                        231.54195965950842
                    ],
                    [
                        89.60893504065787,
                        231.54195965950842
                    ],
                    [
                        147.8532651313646,
                        231.54195965950842
                    ],
                    [
                        147.8532651313646,
                        231.66413220589513
                    ],
                    [
                        206.0975952220713,
                        231.66413220589513
                    ],
                    [
                        216.0975952220713,
                        231.66413220589513
                    ]
                ],