{
    "styles": {
        "Regular-No-IF_OWN_ICON_EXISTS": {
            "nodes": {
                "_fun_average_num_hops": [
                    10.80473327636718,
                    0.0
                ],
                "_fun_average_num_transfers": [
                    0.0,
                    44.82284749830794
                ],
                "_fun_average_travel_time": [
                    8.678985595703118,
                    89.64569499661589
                ],
                "_fun_discomfort": [
                    32.01184082031249,
                    134.46854249492378
                ],
                "_res_dissatisfaction_level": [
                    175.3838094123704,
                    176.32513760027894
                ],
                "_fun_average_num_hops/_extrar-average_num_hops": [
                    228.35378266103612,
                    2.9662523929528035
                ],
                "_fun_average_num_transfers/_extrar-average_num_transfers": [
                    228.35378266103612,
                    47.789099891260726
                ],
                "_fun_average_travel_time/_extrar-average_travel_time": [
                    228.35378266103612,
                    92.61194738956867
                ],
                "_fun_discomfort/_extrar-discomfort": [
                    228.35378266103612,
                    137.4347948878766
                ],
                "_res_dissatisfaction_level/_extraf-dissatisfaction_level": [
                    59.17381541175162,
                    179.29138999323175
                ]
            },
            "edges": {
                "_fun_average_num_hops/_extrar-average_num_hops-edge-0": [
                    [
                        123.37858073157584,
                        10.516147107308264
                    ],
                    [
                        133.37858073157582,
                        10.516147107308264
                    ],
                    [
                        130.35378266103612,
                        10.516147107308264
                    ],
                    [
                        130.35378266103612,
                        10.516147107308264
                    ],
                    [
                        218.35378266103612,
                        10.516147107308264
                    ],
                    [
                        228.35378266103612,
                        10.393974560921553
                    ]
                ],
                "_fun_average_num_transfers/_extrar-average_num_transfers-edge-0": [
                    [
                        134.6216379825524,
                        55.33899460561619
                    ],
                    [
                        144.6216379825524,
                        55.33899460561619
                    ],
                    [
                        181.48771032179425,
                        55.33899460561619
                    ],
                    [
                        181.48771032179425,
                        55.21682205922948
                    ],
                    [
                        218.35378266103612,
                        55.21682205922948
                    ],
                    [
                        228.35378266103612,
                        55.21682205922948
                    ]
                ],
                "_fun_average_travel_time/_extrar-average_travel_time-edge-0": [
                    [
                        124.62533060950553,
                        100.16184210392414
                    ],
                    [
                        134.6253306095055,
                        100.16184210392414
                    ],
                    [
                        130.35378266103612,
                        100.16184210392414
                    ],
                    [
                        130.35378266103612,
                        100.16184210392414
                    ],
                    [
                        218.35378266103612,
                        100.16184210392414
                    ],
                    [
                        228.35378266103612,
                        100.03966955753742
                    ]
                ],
                "_fun_discomfort/_extrar-discomfort-edge-0": [
                    [
                        95.38468424720084,
                        144.98468960223207
                    ],
                    [
                        105.38468424720084,
                        144.98468960223207
                    ],
                    [
                        161.86923345411847,
                        144.98468960223207
                    ],
                    [
                        161.86923345411847,
                        144.86251705584533
                    ],
                    [
                        218.35378266103612,
                        144.86251705584533
                    ],
                    [
                        228.35378266103612,
                        144.86251705584533
                    ]
                ],
                "_res_dissatisfaction_level/_extraf-dissatisfaction_level-edge-0": [
                    [
                        77.59799448890006,
                        186.71911216120048
                    ],
                    [
                        87.59799448890006,
                        186.71911216120048
                    ],
                    [
                        127.87161382521222,
                        186.71911216120048
                    ],
                    [
                        127.87161382521222,
                        186.84128470758722
                    ],
                    [
                        168.14523316152437,
                        186.84128470758722
                    ],
                    [
                        178.14523316152437,
                        186.84128470758722
                    ]
                ]
            }
        }
    }
}