{
    "styles": {
        "Regular-No-IF_OWN_ICON_EXISTS": {
            "nodes": {
                "_fun_roi": [
                    0.0,
                    0.0
                ],
                "_res_total_satisfied_od_pairs": [
                    74.99999999999999,
                    41.85659510535514
                ],
                "_fun_roi/_extrar-roi": [
                    136.18475596350942,
                    2.9662523929527964
                ],
                "_res_total_satisfied_od_pairs/_extraf-total_satisfied_od_pairs": [
                    8.981910705566406,
                    44.82284749830794
                ]
            },
            "edges": {
                "_fun_roi/_extrar-roi-edge-0": [
                    [
                        22.79137420654297,
                        10.516147107308264
                    ],
                    [
                        32.79137420654297,
                        10.516147107308264
                    ],
                    [
                        38.18475596350942,
                        10.516147107308264
                    ],
                    [
                        38.18475596350942,
                        10.516147107308264
                    ],
                    [
                        126.18475596350942,
                        10.516147107308264
                    ],
                    [
                        136.18475596350942,
                        10.393974560921546
                    ]
                ],
                "_res_total_satisfied_od_pairs/_extraf-total_satisfied_od_pairs-edge-0": [
                    [
                        27.406089782714844,
                        52.25056966627669
                    ],
                    [
                        37.406089782714844,
                        52.25056966627669
                    ],
                    [
                        52.58375676593439,
                        52.25056966627669
                    ],
                    [
                        52.58375676593439,
                        52.3727422126634
                    ],
                    [
                        67.76142374915393,
                        52.3727422126634
                    ],
                    [
                        77.76142374915393,
                        52.3727422126634
                    ]
                ]
            }
        }
    }
}